AU,,please.enquire,,time@measurement.gov.au
AU,,ntp1.cs.mu.OZ.AU,128.250.36.3,ntp@cs.mu.OZ.AU
AU,,ntp0.coreng.com.au,203.60.1.2,ntp@coreng.com.au
AU,,ntp0.cs.mu.OZ.AU,128.250.37.2,ntp@cs.mu.OZ.AU
BR,,ntp1.rnp.br,200.19.119.69,admin@rnp.br
BR,,ntps1.pads.ufrj.br,146.164.48.5,szendro@pads.ufrj.br
BR,,ntps1.pads.ufrj.br,146.164.48.5,szendro@pads.ufrj.br
CA,,clock.uregina.ca,142.3.100.2,timekeeper@uregina.ca
CA,,subitaneous.cpsc.ucalgary.ca,136.159.2.254,timemaster@cpsc.ucalgary.ca
CA,,tick.usask.ca,128.233.193.242,hovdestad@usask.ca
CA,,tock.usask.ca,128.233.150.93,hovdestad@usask.ca
CH,,ntp.favey.ch,213.144.132.141,ntp@favey.ch
CH,,ntp.metas.ch,193.5.216.14,bernier@metas.ch
CH,,swisstime.ethz.ch,129.132.2.21,time@iis.ee.ethz.ch
CL,,ntp.dgf.uchile.cl,146.83.8.200,gperez@dgf.uchile.cl
CL,,ntp.shoa.cl,200.54.149.19,rvergara@shoa.cl
CZ,,ntp.cesnet.cz,195.113.144.201,admin@cesnet.cz
DE,,ntp1.fau.de,131.188.3.221,time@informatik.uni
DE,,ntp3.fau.de,131.188.3.223,time@informatik.uni
DE,,ntp2.fau.de,131.188.3.222,time@informatik.uni
DE,,ntp0.fau.de,131.188.3.220,time@informatik.uni
DE,,ntps1-1.cs.tu-berlin.de,130.149.17.8,gg@cs.tu
DE,,ntps1-0.cs.tu-berlin.de,130.149.17.21,gg@cs.tu
DE,,ptbtime1.ptb.de,192.53.103.103,admin@ptb.de
DE,,ptbtime2.ptb.de,192.53.103.104,admin@ptb.de
DE,,rustime01.rus.uni-stuttgart.de,129.69.1.153,wehinger@rus.uni
DE,,time1.one4vision.de,212.82.32.15,timekeeper@one4vision.de
DK,,gps.dix.dk,192.38.7.240,phk@FreeBSD.org
DK,,gps.freebsd.dk,212.242.86.172,phk@FreeBSD.org
FR,,canon.inria.fr,192.93.2.20,adm@inria.fr
FR,,chronos.cru.fr,195.220.94.163,timemaster@cru.fr
FR,,ntp1.curie.fr,193.49.205.19,adm@curie.fr
FR,,ntp-p1.obspm.fr,145.238.110.49,syrte@obspm.fr
FR,,ntp-sop.inria.fr,138.96.64.10,adm@sophia.inria.fr
FR,,ntp3.curie.fr,193.49.205.18,adm@curie.fr
FR,,ntp2.curie.fr,193.49.205.17,adm@curie.fr
HK,,stdtime.gov.hk,203.129.68.14,
IE,,ntp-galway.hea.net,140.203.16.5,ntp@it.nuigalway.ie
IT,,ntp1.ien.it,193.204.114.232,info@ien.it
IT,,ntp2.ien.it,193.204.114.233,info@ien.it
IT,,tempo.cstv.to.cnr.it,,pollastri@cstv.to.cnr.it
JP,,clock.nc.fukuoka-u.ac.jp,133.100.9.2,tsuruoka@fukuoka
JP,,clock.tl.fukuoka-u.ac.jp,133.100.11.8,tsuruoka@fukuoka
MX,,cronos.cenam.mx,200.23.51.205,jlopez@cenam.mx
NL,,ntp6.remco.org,,remco@denbesten.net
NL,,ntp1.nl.net,193.79.237.14,beheer@nl.net
NL,,ntp.remco.org,80.127.4.179,remco@denbesten.net
NL,,ntp2.nl.net,193.79.237.14,beheer@nl.net
NL,,ntp0.nl.net,193.67.79.202,beheer@nl.net
NO,,time.service.uit.no,129.242.4.254,timekeeper@uit.no
NZ,,clock1.canterbury.ac.nz,132.181.10.44,pete@cosc.canterbury.ac.nz
PL,,ntp.certum.pl,217.153.69.35,wslusarczyk@certum.pl
PL,,vega.cbk.poznan.pl,150.254.183.15,kondor@cbk.poznan.pl
RU,,ntp1.imvp.ru,62.117.76.142,bav@imvp.ru
RU,,ntp3.imvp.ru,62.117.76.140,bav@imvp.ru
RU,,ntp2.imvp.ru,62.117.76.141,bav@imvp.ru
SE,,ntp1.gbg.netnod.se,192.36.133.17,magnus@netnod.se
SE,,ntp1.mmo.netnod.se,192.36.134.17,magnus@netnod.se
SE,,ntp1.sp.se,193.10.7.250,info@sp.se
SE,,ntp1.sth.netnod.se,192.36.144.22,magnus@netnod.se
SE,,ntp2.gbg.netnod.se,192.36.133.25,magnus@netnod.se
SE,,ntp2.mmo.netnod.se,192.36.134.25,magnus@netnod.se
SE,,ntp2.sp.se,193.10.7.246,info@sp.se
SE,,ntp2.sth.netnod.se,192.36.144.23,magnus@netnod.se
SE,,time1.stupi.se,192.36.143.150,roll@Stupi.SE
SE,,time2.stupi.se,192.36.143.151,roll@stupi.se
SG,,jamtepat.singnet.com.sg,165.21.1.7,timekeeper@singnet.com.sg
SG,,nets.org.sg,203.117.180.36,lyy@spring.gov.sg
SI,,goodtime.ijs.si,193.2.4.2,timekeeper@ijs.si
UK,,chronos.csr.net,194.35.252.5,chrisb@csr.net
UK,,ntp.my-inbox.co.uk,81.168.77.149,phil@my
UK,,ntp2.ja.net,193.63.105.18,nosc@nosc.ja.net
US,AK,ntp.alaska.edu,199.165.76.11,res@tuttle.usno.navy.mil
US,AZ,father-time.t-bird.edu,198.153.152.52,fordt@t
US,CA,clepsydra.dec.com,204.123.2.5,admin@wrl
US,CA,clock.fmt.he.net,216.218.192.202,support@he.net
US,CA,clock.isc.org,204.152.184.72,paul@vix.com
US,CA,clock.sjc.he.net,216.218.254.202,support@he.net
US,CA,clock.via.net,209.81.9.7,joe@via.net
US,CA,gpstime.trimble.com,65.203.60.206,sven_dietrich@trimble.com
US,CA,montpelier.ilan.caltech.edu,192.12.19.20,res@tuttle.usno.navy.mil
US,CA,nist1.aol-ca.truetime.com,207.200.81.113,jlevine@boulder.nist.gov
US,CA,nist1.datum.com,69.25.96.13,jlevine@boulder.nist.gov
US,CA,nist1-sj.glassey.com,207.126.98.204,jlevine@boulder.nist.gov
US,CA,ntp-cup.external.hp.com,192.6.38.127,timer@cup.hp.com
US,CA,ntp.nasa.gov,198.123.30.132,clockmaster@ntp.nasa.gov
US,CA,t1.timegps.net,207.145.113.114,x@sn.to
US,CA,t2.timegps.net,207.145.113.115,x@sn.to
US,CA,t3.timegps.net,207.145.113.116,x@sn.to
US,CA,tick.gpsclock.com,206.223.0.15,clock@gpsclock.com
US,CA,tick.ucla.edu,164.67.62.194,res@tuttle.usno.navy.mil
US,CA,time.no-such-agency.net,64.142.103.194,timelord@no
US,CA,timekeeper.isi.edu,128.9.176.30,action@isi.edu
US,CA,tock.gpsclock.com,216.152.68.20,clock@gpsclock.com
US,CA,usno.pa-x.dec.com,204.123.2.72,res@tuttle.usno.navy.mil
US,CO,tick.usnogps.navy.mil,204.34.198.40,res@tuttle.usno.navy.mil
US,CO,time-a.nist.gov,129.6.15.28,
US,CO,time-a.timefreq.bldrdoc.gov,132.163.4.101,jlevine@boulder.nist.gov
US,CO,time-b.timefreq.bldrdoc.gov,132.163.4.103,jlevine@boulder.nist.gov
US,CO,time-c.timefreq.bldrdoc.gov,132.163.4.102,jlevine@boulder.nist.gov
US,CO,time-d.timefreq.bldrdoc.gov,132.163.4.104,jlevine@boulder.nist.gov
US,CO,time.nist.gov,192.43.244.18,jlevine@boulder.nist.gov
US,CO,tock.usnogps.navy.mil,204.34.198.41,res@tuttle.usno.navy.mil
US,CO,utcnist.colorado.edu,128.138.140.44,jlevine@boulder.nist.gov
US,DC,ntp2.usno.navy.mil,192.5.41.209,res@tuttle.usno.navy.mil
US,DC,tick.usno.navy.mil,192.5.41.40,res@tuttle.usno.navy.mil
US,DC,tock.usno.navy.mil,192.5.41.41,res@tuttle.usno.navy.mil
US,DE,mizbeaver.udel.edu,128.4.1.2,
US,DE,ntp1.connectiv.com,66.150.161.140,scoggin@conectiv.com
US,DE,ntp1.nss.udel.edu,128.175.60.175,ron@udel.edu
US,DE,rackety.udel.edu,128.4.1.1,
US,FL,ntp-s1.cise.ufl.edu,128.227.205.3,res@tuttle.usno.navy.mil
US,GA,navobs1.gatech.edu,130.207.244.240,res@tuttle.usno.navy.mil
US,GA,time.twc.weather.com,65.212.71.103,
US,HI,tick.mhpcc.hpc.mil,140.31.199.8,res@tuttle.usno.navy.mil
US,IL,ntp0.mcs.anl.gov,140.221.8.88,res@tuttle.usno.navy.mil
US,IL,truechimer.cso.uiuc.edu,128.174.38.133,kline@uiuc.edu
US,IN,tick.cerias.purdue.edu,128.10.252.7,request@cerias.purdue.edu
US,IN,tock.cerias.purdue.edu,128.10.252.6,request@cerias.purdue.edu
US,MA,bonehed.lcs.mit.edu,18.26.4.105,rtm@lcs.mit.edu
US,MA,ntp.quidnet.com,18.103.0.198,timekeeper@quidnet.com
US,MA,tick.mit.edu,18.145.0.30,res@tuttle.usno.navy.mil
US,MA,time.keneli.org,66.92.68.246,bakerkj@umich.edu
US,MA,timeserver.cs.umb.edu,158.121.95.4,ntp@cs.umb.edu
US,MD,time-b.nist.gov,129.6.15.29,jlevine@boulder.nist.gov
US,MD,umd1.umd.edu,128.8.10.6,petry@ni.umd.edu
US,ME,ntp.colby.edu,137.146.210.250,res@tuttle.usno.navy.mil
US,MO,navobs1.wustl.edu,128.252.19.1,res@tuttle.usno.navy.mil
US,NC,ncnoc.ncren.net,192.101.21.1,tas@ncren.net
US,NC,terrapin.csc.ncsu.edu,,sven@terrapin.csc.ncsu.edu
US,NJ,ntp0.jensenresearch.com,67.128.71.76,noc@jensenresearch.com
US,NY,clock.nyc.he.net,209.51.161.238,support@he.net
US,NY,nist1-ny.glassey.com,208.184.49.9,jlevine@boulder.nist.gov
US,OH,lerc-dns.lerc.nasa.gov,139.88.35.33,yyjer@scivax.lerc.nasa.gov
US,OK,now.okstate.edu,139.78.100.163,res@tuttle.usno.navy.mil
US,PA,gps1.otc.psu.edu,128.118.25.12,JDB@psu.edu
US,PA,otc1.psu.edu,128.118.25.5,JohnBalogh@psu.edu
US,PA,wwv.otc.psu.edu,128.118.25.5,JohnBalogh@psu.edu
US,TX,tick.uh.edu,129.7.1.66,res@tuttle.usno.navy.mil
US,UT,time.xmission.com,198.60.22.240,ntp@xmission.com
US,VA,nist1.aol-va.truetime.com,,jlevine@boulder.nist.gov
US,VA,nist1-dc.glassey.com,216.200.93.8,jlevine@boulder.nist.gov
US,WA,bigben.cac.washington.edu,140.142.16.34,res@tuttle.usno.navy.mil
US,WA,time-nw.nist.gov,131.107.1.10,jlevine@boulder.nist.gov
US,WI,ben.cs.wisc.edu,128.105.201.11,admin@cs.wisc.edu
AR,,tick.nap.com.ar,200.10.140.2,timekeeper2002@nap.com.ar
AR,,time.sinectis.com.ar,216.244.192.3,timekeeper@sinectis.com.ar
AR,,tock.nap.com.ar,200.49.40.15,timekeeper2002@nap.com.ar
AU,,time.aeraq.com,,
AU,,ntp.tpg.com.au,,@tpg.com.au
BE,,ntp.oma.be,193.190.230.65,roosbeek@oma.be
BE,,ntp1.belbone.be,195.13.23.5,timemaster@belbone.be
BE,,ntp2.belbone.be,195.13.1.153,timemaster@belbone.be
BR,,ntp.cais.rnp.br,200.144.121.33,
BR,,ntp.hiway.com.br,200.246.53.5,webmaster@hiway.com.br
BR,,ntp.massayonet.com.br,200.254.135.2,ntp@massayonet.com.br
BR,,ntp1.pucpr.br,200.192.112.8,ntp1@pucpr.br
BR,,ntp.pads.ufrj.br,146.164.48.1,szendro@pads.ufrj.br
BR,,ntp.pop-pr.rnp.br,200.19.74.21,admin@pop
BR,,ntp.ufes.br,200.137.65.100,admin@ufes.br
CA,,ntp.cpsc.ucalgary.ca,136.159.2.2,timekeeper@cpsc.ucalgary.ca
CA,,ntp.nuit.ca,66.11.161.129,time@nuit.ca
CA,,ntp1.cmc.ec.gc.ca,199.212.17.15,admin@cmc.ec.gc.ca
CA,,ntp2.cmc.ec.gc.ca,199.212.17.20,admin@cmc.ec.gc.ca
CA,,tick.utoronto.ca,128.100.56.135,sutherland@.utoronto.ca
CA,,time.chu.nrc.ca,209.87.233.53,time@nrc.ca
CA,,time.nrc.ca,132.246.168.148,time@nrc.ca
CA,,timelord.uregina.ca,142.3.100.15,timekeeper@uregina.ca
CA,,tock.utoronto.ca,128.100.100.128,sutherland@utoronto.ca
CH,,clock.tix.ch,194.42.48.120,hotline@ixeurope.com
CH,,timeserver.ntp.ch,213.144.148.122,timekeeper@init7.net
CN,,hshh.org,218.75.4.130,Master@hshh.org
CZ,,ntp.cgi.cz,81.0.239.181,helpdesk@cgi.cz
CZ,,ntp.globe.cz,81.95.96.3,jan@globe.cz
CZ,,ntp.karpo.cz,217.11.227.68,zvara@karpo.cz
CZ,,ntp1.contactel.cz,212.65.193.9,hostmaster@ctt.cz
CZ,,ntp2.contactel.cz,212.65.193.4,hostmaster@ctt.cz
DE,,ntp1.theremailer.net,213.239.201.102,timekeeper@theremailer.net
DE,,tack.fh-augsburg.de,141.82.30.253,erd@rz.fh
DE,,tick.fh-augsburg.de,141.82.30.251,erd@rz.fh
DE,,time2.one4vision.de,212.82.32.26,timekeeper@one4vision.de
DE,,tock.fh-augsburg.de,141.82.30.252,erd@rz.fh
ES,,hora.oxixares.com,217.127.2.161,timekeeper@oxixares.com
ES,,slug.ctv.es,212.95.210.35,colorado@slug.ctv.es
FI,,tick.keso.fi,194.137.39.67,root@keso.fi
FI,,tock.keso.fi,194.137.39.69,root@keso.fi
FR,,ntp.ndsoftwarenet.com,,ntpmaster@ndsoftwarenet.com
FR,,ntp.obspm.fr,145.238.110.68,syrte@obspm.fr
FR,,ntp1.tuxfamily.net,84.207.3.38,adm@tuxfamily.net
FR,,ntp.tuxfamily.net,84.207.3.38,adm@tuxfamily.net
FR,,ntp2.tuxfamily.net,212.85.158.2,adm@tuxfamily.net
FR,,ntp.via.ecp.fr,138.195.130.71,ntpadmin@via.ecp.fr
GR,,ntp.mfa.gr,193.92.123.152,ntp@mfa.gr
HK,,ntp.cuhk.edu.hk,137.189.8.137,connieL@cuhk.edu.hk
HR,,os.ntp.carnet.hr,161.53.30.80,ntp@carnet.hr
HR,,ri.ntp.carnet.hr,161.53.40.3,ntp@carnet.hr
HR,,st.ntp.carnet.hr,161.53.30.3,ntp@carnet.hr
HR,,zg1.ntp.carnet.hr,161.53.160.4,ntp@carnet.hr
HR,,zg2.ntp.carnet.hr,161.53.160.5,ntp@carnet.hr
HU,,time.kfki.hu,148.6.0.1,time@sunserv.kfki.hu
ID,,ntp.incaf.net,,timekeeper@incaf.net
IE,,ntp.maths.tcd.ie,134.226.81.3,time@maths.tcd.ie
IT,,ntp.ionn.net,37.243.11.50,keeper@andreagozzi.com
IT,,ntps.net4u.it,80.83.192.129,timemaster@net4u.it
KR,,ntp.ewha.net,211.39.143.103,ntp@ewha.net
MX,,ntp2a.audiotel.com.mx,,resendiz@audiotel.com.mx
MX,,ntp2b.audiotel.com.mx,,resendiz@audiotel.com.mx
MX,,ntp2c.audiotel.com.mx,,resendiz@audiotel.com.mx
MY,,ntp.doubleukay.com,202.71.97.92,timekeeper@doubleukay.com
NG,,ntp.supernet300.com,,timelords@supernet300.com
NL,,ntp1.theinternetone.net,62.4.94.211,cg@theinternetone.net
NL,,ntp3.theinternetone.net,62.4.94.43,cg@theinternetone.net
NL,,ntp2.theinternetone.net,62.4.94.155,cg@theinternetone.net
NL,,reflex.unimaas.nl,137.120.89.224,reflex@studver.unimaas.nl
NL,,winona.ziaspace.nl,,jklos@netbsd.org
NO,,fartein.ifi.uio.no,129.240.64.3,timekeeper@ifi.uio.no
NZ,,ntp.iprolink.co.nz,203.97.100.254,ntp@iprolink.co.nz
NZ,,ntp.massey.ac.nz,130.123.2.99,ntp@massey.ac.nz
NZ,,ntp.public.otago.ac.nz,139.80.64.114,ntp@otago.ac.nz
NZ,,tk1.ihug.co.nz,203.109.252.7,ntp@staff.ihug.co.nz
NZ,,tk3.ihug.co.nz,203.109.252.5,ntp@staff.ihug.co.nz
NZ,,tk2.ihug.co.nz,203.109.252.8,ntp@staff.ihug.co.nz
PL,,a.ntp.adworak.pl,212.75.96.40,ntp@adworak.pl
PL,,a.ntp.setilabs.net,80.53.57.158,ntp@setilabs.net
PT,,bug.fe.up.pt,,timemaster@bug.fe.up.pt
RU,,ntp.psn.ru,194.149.67.130,clockmaster@psn.ru
RU,,ntp21.imvp.ru,62.117.76.139,bav@imvp.ru
RU,,ntp.xland.ru,194.67.106.186,ntp@xland.ru
SE,,time.flygplats.net,213.112.52.249,timemaster@flygplats.net
SI,,biofiz.mf.uni-lj.si,193.2.69.11,time@biofiz.mf.uni
SI,,ntp1.arnes.si,193.2.1.66,admin@arnes.si
SI,,ntp2.arnes.si,193.2.1.92,admin@arnes.si
SI,,time.ijs.si,193.2.4.6,timekeeper@ijs.si
SV,,clock.cimat.ues.edu.sv,168.243.7.66,admin@cimat.ues.edu.sv
TR,,time.deu.edu.tr,193.140.151.9,berent@deu.edu.tr
UK,,audaxsystems.co.uk,193.201.200.83,imarsh@audaxsystems.co.uk
UK,,ntp.cis.strath.ac.uk,130.159.196.118,ntp@cis.strath.ac.uk
UK,,ntp.exnet.com,195.137.27.138,sysadmin@exnet.com
UK,,ntp1.sandvika.net,194.164.127.5,time@sandvika.net
UK,,ntp1.uk.uu.net,158.43.128.66,timelord@uk.uu.net
UK,,ntp2b.mcc.ac.uk,130.88.200.98,timelords@mcc.ac.uk
UK,,ntp2c.mcc.ac.uk,130.88.200.6,timelords@mcc.ac.uk
UK,,ntp2d.mcc.ac.uk,130.88.203.64,timelords@mcc.ac.uk
UK,,ntp2.sandvika.net,194.164.127.6,time@sandvika.net
UK,,ntp2.uk.uu.net,158.43.192.66,timelord@uk.uu.net
UK,,ntp0.sandvika.net,194.164.127.4,time@sandvika.net
UK,,ntp0.uk.uu.net,158.43.128.33,timelord@uk.uu.net
UK,,tick.tanac.net,66.218.79.174,ntp@tanac.net
UK,,time-server.ndo.com,195.7.224.135,support@ndo.com
US,,blade.avnf.com,64.109.43.141,avnf@avnf.com
US,,dmzs.com,209.133.52.162,dmz@dmzs.com
US,,gandalf.theunixman.com,216.193.203.2,ntp@theunixman.com
US,,ntp.datasuppliesuk.net,,timelord@datasuppliesuk.net
US,,ntp.dayww.net,67.18.58.210,timekeeper@daywebworks.com
US,,time.cachenetworks.com,69.31.3.3,levine@cachenetworks.com
US,,time.heypete.com,216.218.254.202,clock@heypete.com
US,AR,sushi.lyon.edu,70.182.119.4,timekeeper@mailhub.lyon.edu
US,AZ,decimal.lib.ci.phoenix.az.us,148.167.132.201,timekeeper@phxlib.org
US,AZ,dewey.lib.ci.phoenix.az.us,148.167.132.200,timekeeper@phxlib.org
US,AZ,ntp.drydog.com,207.211.160.111,
US,CA,clock.develooper.com,216.52.237.151,
US,CA,eschelon.no-such-agency.net,64.142.114.146,timelord@no
US,CA,hydrogen.cert.ucr.edu,138.23.180.126,timekeeper@cert.ucr.edu
US,CA,lain.ziaspace.com,66.92.40.151,jklos@netbsd.org
US,CA,ntp1.mainecoon.com,63.192.96.2,time@mainecoon.com
US,CA,ntp1.sf-bay.org,192.83.249.28,clockmaster@sf
US,CA,ntp2.mainecoon.com,63.192.96.3,time@mainecoon.com
US,CA,ntp2.sf-bay.org,204.74.68.55,clockmaster@sf
US,CA,ntp.ucsd.edu,132.239.1.6,timekeeper@ucsd.edu
US,CA,reloj.kjsl.com,69.36.234.10,timekeeper@kjsl.com
US,CA,time.berkeley.netdot.net,216.27.190.202,chaley@netdot.net
US,CA,time.five-ten-sg.com,205.147.40.34,carl@five
US,CO,ntp1.linuxmedialabs.com,63.247.194.250,ntp@linuxmedialabs.com
US,DE,louie.udel.edu,128.4.40.12,
US,GA,rolex.usg.edu,198.72.72.10,timekeeper@usg.edu
US,IL,mars.sg.depaul.edu,140.192.21.132,ntpadmin@sg.depaul.edu
US,IL,neptune.sg.depaul.edu,140.192.21.130,ntpadmin@sg.depaul.edu
US,IL,ntp-1.cso.uiuc.edu,130.126.24.24,kline@uiuc.edu
US,IL,ntp-1.mcs.anl.gov,140.221.9.20,contact@mcs.anl.gov
US,IL,ntp-2.cso.uiuc.edu,130.126.24.44,kline@uiuc.edu
US,IL,ntp-2.mcs.anl.gov,140.221.9.6,contact@mcs.anl.gov
US,IN,gilbreth.ecn.purdue.edu,128.46.103.93,moyman@ecn.purdue.edu
US,IN,harbor.ecn.purdue.edu,128.46.154.76,moyman@ecn.purdue.edu
US,IN,horologe.cerias.purdue.edu,128.10.252.1,request@cerias.purdue.edu
US,KS,ntp1.kansas.net,199.240.130.12,support@kansas.net
US,KS,ntp2.kansas.net,199.240.130.1,support@kansas.net
US,MA,ntp.ourconcord.net,18.103.0.198,timekeeper@quidnet.com
US,MA,time.johnstalker.ca,65.96.180.253,time@johnstalker.ca
US,MN,ns.nts.umn.edu,128.101.101.101,nts@nts.umn.edu
US,MN,nss.nts.umn.edu,134.84.84.84,nts@nts.umn.edu
US,MO,time-ext.missouri.edu,128.206.12.130,time@missouri.edu
US,MT,chronos1.umt.edu,192.73.48.1,bloom@umontana.edu
US,MT,chronos3.umt.edu,192.73.48.6,bloom@umontana.edu
US,MT,chronos2.umt.edu,192.73.48.2,bloom@umontana.edu
US,NC,clock1.unc.edu,152.2.21.1,timekeeper@clock1.unc.edu
US,NH,ntp.uhfradio.com,216.187.103.168,admin@uhfradio.com
US,NJ,tick.jrc.us,67.128.71.65,noc@jensenresearch.com
US,NJ,tock.jrc.us,67.128.71.75,noc@jensenresearch.com
US,NV,cuckoo.nevada.edu,131.216.1.101,software@nevada.edu
US,NV,tick.cs.unlv.edu,131.216.22.15,grayaw@egr.unlv.edu
US,NV,tock.cs.unlv.edu,131.216.22.9,grayaw@egr.unlv.edu
US,NY,andromeda.ziaspace.com,66.250.131.190,jklos@netbsd.org
US,NY,clock.linuxshell.net,,timekeeper@linuxshell.net
US,NY,ntp0.cornell.edu,132.236.56.250,de10@cornell.edu
US,NY,reva.sixgirls.org,66.92.40.151,john@sixgirls.org
US,NY,sundial.columbia.edu,128.59.59.177,timekeeper@columbia.edu
US,NY,timex.cs.columbia.edu,128.59.16.20,timekeeper@cs.columbia.edu
US,PA,clock-1.cs.cmu.edu,128.2.181.91,Help@cs.cmu.edu
US,PA,clock.psu.edu,128.118.25.3,JDB@psu.edu
US,PA,clock-2.cs.cmu.edu,128.2.181.161,Help@cs.cmu.edu
US,PA,fuzz.psc.edu,128.182.58.100,noc@psc.edu
US,PA,ntp-1.cede.psu.edu,146.186.218.6,timekeeper@cede.psu.edu
US,PA,ntp-1.ece.cmu.edu,128.2.136.71,gripe@ece.cmu.edu
US,PA,ntp-2.cede.psu.edu,,timekeeper@cede.psu.edu
US,PA,ntp-2.ece.cmu.edu,128.2.129.21,gripe@ece.cmu.edu
US,TX,chrono.cis.sac.accd.edu,209.184.112.197,bdubbs@cis.sac.accd.edu
US,TX,ntp.fnbhs.com,209.144.20.76,walterp@fnbhs.com
US,TX,ntp.tmc.edu,128.249.1.10,postmaster@tmc.edu
US,TX,ntppub.tamu.edu,128.194.254.9,ntp@tamu.edu
US,TX,sundial.cis.sac.accd.edu,209.184.112.198,bdubbs@cis.sac.accd.edu
US,TX,tick.greyware.com,208.14.208.19,techsupport@greyware.com
US,TX,tick.jpunix.com,24.167.78.47,jperry@jpunix.com
US,TX,ticker.cis.sac.accd.edu,209.184.112.199,bdubbs@cis.sac.accd.edu
US,TX,tock.greyware.com,208.14.208.21,techsupport@greyware.com
US,VA,ntp-4.vt.edu,198.82.1.204,ntp@cns.vt.edu
US,VA,ntp-1.vt.edu,198.82.1.201,ntp@cns.vt.edu
US,VA,ntp-3.vt.edu,198.82.1.203,ntp@cns.vt.edu
US,VA,ntp-2.vt.edu,198.82.1.202,ntp@cns.vt.edu
US,VT,ntp1.state.vt.us,159.105.23.130,info@govnet.state.vt.us
US,VT,ntp2.state.vt.us,170.222.64.130,info@govnet.state.vt.us
US,VT,ntp0.state.vt.us,159.105.23.194,info@govnet.state.vt.us
US,WA,ntp.knowledge.or.id,216.176.180.82,wandy@knowledge.or.id
US,WA,UltiMethSystems,,
US,WI,ntp1.cs.wisc.edu,128.105.39.11,admin@cs.wisc.edu
US,WI,ntp3.cs.wisc.edu,128.105.37.11,admin@cs.wisc.edu
US,WI,ntp3.sf-bay.org,206.55.70.42,clockmaster@sf
VE,,ntp.linux.org.ve,150.188.8.196,time@linux.org.ve
ZA,,ntp.cs.unp.ac.za,143.128.82.200,sysadmin@cs.unp.ac.za
ZA,,tock.nml.csir.co.za,146.64.241.229,elmarais@csir.co.za
